,k,mean,std
0,1.0,0.5590000033378602,0.034031242605305365
1,3.0,0.7690000057220459,0.02154936870228634
2,5.0,0.8599999904632568,0.022912889140355237
