,k,mean_acc,std_acc
0,1.0,0.5136150240898132,0.025896177103255088
1,2.0,0.6748768568038941,0.03702782193189687
2,3.0,0.780310869216919,0.021237203307776786
3,4.0,0.8071038365364075,0.024861879990378876
4,5.0,0.8358381509780883,0.020680398683530762
5,6.0,0.8380368113517761,0.03418559976839738
6,7.0,0.856209146976471,0.027633233512685533
